TimeUTC,timestampInMs,requestPath,requestMethod,requestQueryString,responseStatusCode,requestId,requestUserAgent,level,environment,branch,vercelCache,type,function,host,deploymentDomain,deploymentId,durationMs,region,maxMemoryUsed,memorySize,message,projectId,traceId,sessionId,invocationId,instanceId,concurrency
2026-01-26 00:32:24,1769387544391,multi-chat.vercel.app/pipeline/jobs/6fd5ac79-c54b-4927-8138-ca159108bcae/results,GET,_rsc=49g8f,200,rq5q5-1769387544378-e06834078aca,"Mozilla/5.0 (Windows NT 10.0; Win64; x64) AppleWebKit/537.36 (KHTML, like Gecko) Chrome/144.0.0.0 Safari/537.36",info,production,main,MISS,middleware,/pipeline/jobs/[jobId]/results,multi-chat.vercel.app,multi-chat.vercel.app,dpl_EywyRntWdrYpmRzGvUi38m2ejPmB,,,,,[jobs] / status=200,prj_KtvFJM3U67lx5QwylA1vzxX2PQtJ,,,,,
2026-01-26 00:32:24,1769387544378,multi-chat.vercel.app/pipeline/jobs/6fd5ac79-c54b-4927-8138-ca159108bcae/results,GET,_rsc=49g8f,200,rq5q5-1769387544378-e06834078aca,"Mozilla/5.0 (Windows NT 10.0; Win64; x64) AppleWebKit/537.36 (KHTML, like Gecko) Chrome/144.0.0.0 Safari/537.36",,production,main,MISS,middleware,middleware,multi-chat.vercel.app,multi-chat.vercel.app,dpl_EywyRntWdrYpmRzGvUi38m2ejPmB,583,sfo1,132,2048,,prj_KtvFJM3U67lx5QwylA1vzxX2PQtJ,,,01KFVVEKT7A14E0R9GZN1XGN49,iMIoDijmA11F,1
2026-01-26 00:32:24,1769387544378,multi-chat.vercel.app/pipeline/jobs/6fd5ac79-c54b-4927-8138-ca159108bcae/results,GET,_rsc=49g8f,200,rq5q5-1769387544378-e06834078aca,"Mozilla/5.0 (Windows NT 10.0; Win64; x64) AppleWebKit/537.36 (KHTML, like Gecko) Chrome/144.0.0.0 Safari/537.36",,production,main,MISS,serverless,/pipeline/jobs/[jobId]/results.rsc,multi-chat.vercel.app,multi-chat.vercel.app,dpl_EywyRntWdrYpmRzGvUi38m2ejPmB,484,iad1,249,2048,,prj_KtvFJM3U67lx5QwylA1vzxX2PQtJ,,,01KFVVEMHSSRKMB5A61RB5QXNK,B1unj0mZVPiT,1
2026-01-26 00:00:54,1769385654288,multi-chat.vercel.app/api/pipeline/adapters/test,GET,jobId=6fd5ac79-c54b-4927-8138-ca159108bcae,200,gvj4n-1769385654278-e48c8a10f35d,"Mozilla/5.0 (Windows NT 10.0; Win64; x64) AppleWebKit/537.36 (KHTML, like Gecko) Chrome/144.0.0.0 Safari/537.36",info,production,main,MISS,middleware,/api/pipeline/adapters/test,multi-chat.vercel.app,multi-chat.vercel.app,dpl_EywyRntWdrYpmRzGvUi38m2ejPmB,,,,,[pipeline] / status=200,prj_KtvFJM3U67lx5QwylA1vzxX2PQtJ,,,,,
2026-01-26 00:00:54,1769385654278,multi-chat.vercel.app/api/pipeline/adapters/test,GET,jobId=6fd5ac79-c54b-4927-8138-ca159108bcae,200,gvj4n-1769385654278-e48c8a10f35d,"Mozilla/5.0 (Windows NT 10.0; Win64; x64) AppleWebKit/537.36 (KHTML, like Gecko) Chrome/144.0.0.0 Safari/537.36",,production,main,MISS,middleware,middleware,multi-chat.vercel.app,multi-chat.vercel.app,dpl_EywyRntWdrYpmRzGvUi38m2ejPmB,105,sfo1,147,2048,,prj_KtvFJM3U67lx5QwylA1vzxX2PQtJ,,,01KFVSMY0G9YEX7MG4STS9NDRH,LHEQCB1GgPc6,1
2026-01-26 00:00:54,1769385654278,multi-chat.vercel.app/api/pipeline/adapters/test,GET,jobId=6fd5ac79-c54b-4927-8138-ca159108bcae,200,gvj4n-1769385654278-e48c8a10f35d,"Mozilla/5.0 (Windows NT 10.0; Win64; x64) AppleWebKit/537.36 (KHTML, like Gecko) Chrome/144.0.0.0 Safari/537.36",,production,main,MISS,serverless,/api/pipeline/adapters/test,multi-chat.vercel.app,multi-chat.vercel.app,dpl_EywyRntWdrYpmRzGvUi38m2ejPmB,572,iad1,258,2048,,prj_KtvFJM3U67lx5QwylA1vzxX2PQtJ,,,01KFVSMY55778693T7BY4P10M9,4C6OaJUmzxCH,1
2026-01-25 23:59:43,1769385583271,multi-chat.vercel.app/api/pipeline/adapters/test,POST,,200,7rc2z-1769385583262-c214e17f3ddd,"Mozilla/5.0 (Windows NT 10.0; Win64; x64) AppleWebKit/537.36 (KHTML, like Gecko) Chrome/144.0.0.0 Safari/537.36",info,production,main,MISS,middleware,/api/pipeline/adapters/test,multi-chat.vercel.app,multi-chat.vercel.app,dpl_EywyRntWdrYpmRzGvUi38m2ejPmB,,,,,[pipeline] / status=200,prj_KtvFJM3U67lx5QwylA1vzxX2PQtJ,,,,,
2026-01-25 23:59:44,1769385584086,multi-chat.vercel.app/api/pipeline/adapters/test,POST,,200,7rc2z-1769385583262-c214e17f3ddd,"Mozilla/5.0 (Windows NT 10.0; Win64; x64) AppleWebKit/537.36 (KHTML, like Gecko) Chrome/144.0.0.0 Safari/537.36",info,production,main,MISS,serverless,/api/pipeline/adapters/test,multi-chat.vercel.app,multi-chat.vercel.app,dpl_EywyRntWdrYpmRzGvUi38m2ejPmB,,,,,"[TEST-SERVICE] Starting SEQUENTIAL inference calls {
  jobId: '6fd5ac79-c54b-4927-8138-ca159108bcae',
  controlEndpointId: 'virtual-inference-6fd5ac79-control',
  adaptedEndpointId: 'virtual-inference-6fd5ac79-adapted',
  adaptedAdapterPath: 'lora-models/adapters/6fd5ac79-c54b-4927-8138-ca159108bcae.tar.gz'
}",prj_KtvFJM3U67lx5QwylA1vzxX2PQtJ,,,,,
2026-01-25 23:59:44,1769385584086,multi-chat.vercel.app/api/pipeline/adapters/test,POST,,200,7rc2z-1769385583262-c214e17f3ddd,"Mozilla/5.0 (Windows NT 10.0; Win64; x64) AppleWebKit/537.36 (KHTML, like Gecko) Chrome/144.0.0.0 Safari/537.36",info,production,main,MISS,serverless,/api/pipeline/adapters/test,multi-chat.vercel.app,multi-chat.vercel.app,dpl_EywyRntWdrYpmRzGvUi38m2ejPmB,,,,,[TEST-SERVICE] Step 1/2: Running control (base model) inference...,prj_KtvFJM3U67lx5QwylA1vzxX2PQtJ,,,,,
2026-01-25 23:59:44,1769385584087,multi-chat.vercel.app/api/pipeline/adapters/test,POST,,200,7rc2z-1769385583262-c214e17f3ddd,"Mozilla/5.0 (Windows NT 10.0; Win64; x64) AppleWebKit/537.36 (KHTML, like Gecko) Chrome/144.0.0.0 Safari/537.36",info,production,main,MISS,serverless,/api/pipeline/adapters/test,multi-chat.vercel.app,multi-chat.vercel.app,dpl_EywyRntWdrYpmRzGvUi38m2ejPmB,,,,,"[INFERENCE-SERVICE] Routing to pods implementation {
  endpointId: 'virtual-inference-6fd5ac79-control',
  useAdapter: false,
  hasJobId: false,
  promptLength: 297
}",prj_KtvFJM3U67lx5QwylA1vzxX2PQtJ,,,,,
2026-01-25 23:59:44,1769385584087,multi-chat.vercel.app/api/pipeline/adapters/test,POST,,200,7rc2z-1769385583262-c214e17f3ddd,"Mozilla/5.0 (Windows NT 10.0; Win64; x64) AppleWebKit/537.36 (KHTML, like Gecko) Chrome/144.0.0.0 Safari/537.36",info,production,main,MISS,serverless,/api/pipeline/adapters/test,multi-chat.vercel.app,multi-chat.vercel.app,dpl_EywyRntWdrYpmRzGvUi38m2ejPmB,,,,,"[INFERENCE-PODS] Calling pod endpoint: {
  url: 'https://rfb7b3n5osik3l-8000.proxy.runpod.net/v1/chat/completions',
  useAdapter: false,
  model: '/workspace/models/mistralai/Mistral-7B-Instruct-v0.2',
  messagesCount: 2,
  promptLength: 297
}",prj_KtvFJM3U67lx5QwylA1vzxX2PQtJ,,,,,
2026-01-26 00:00:43,1769385643112,multi-chat.vercel.app/api/pipeline/adapters/test,POST,,200,7rc2z-1769385583262-c214e17f3ddd,"Mozilla/5.0 (Windows NT 10.0; Win64; x64) AppleWebKit/537.36 (KHTML, like Gecko) Chrome/144.0.0.0 Safari/537.36",info,production,main,MISS,serverless,/api/pipeline/adapters/test,multi-chat.vercel.app,multi-chat.vercel.app,dpl_EywyRntWdrYpmRzGvUi38m2ejPmB,,,,,"[INFERENCE-PODS] Response received: {
  hasChoices: true,
  choicesCount: 1,
  hasUsage: true,
  generationTimeMs: 52590
}",prj_KtvFJM3U67lx5QwylA1vzxX2PQtJ,,,,,
2026-01-26 00:00:43,1769385643113,multi-chat.vercel.app/api/pipeline/adapters/test,POST,,200,7rc2z-1769385583262-c214e17f3ddd,"Mozilla/5.0 (Windows NT 10.0; Win64; x64) AppleWebKit/537.36 (KHTML, like Gecko) Chrome/144.0.0.0 Safari/537.36",info,production,main,MISS,serverless,/api/pipeline/adapters/test,multi-chat.vercel.app,multi-chat.vercel.app,dpl_EywyRntWdrYpmRzGvUi38m2ejPmB,,,,,"[INFERENCE-PODS] ✅ Extracted response: {
  responseLength: 1367,
  responsePreview: "" Jennifer, first, I want you to take a breath. What you're feeling right now is completely normal, a"",
  tokensUsed: 412,
  generationTimeMs: 52590
}",prj_KtvFJM3U67lx5QwylA1vzxX2PQtJ,,,,,
2026-01-26 00:00:43,1769385643113,multi-chat.vercel.app/api/pipeline/adapters/test,POST,,200,7rc2z-1769385583262-c214e17f3ddd,"Mozilla/5.0 (Windows NT 10.0; Win64; x64) AppleWebKit/537.36 (KHTML, like Gecko) Chrome/144.0.0.0 Safari/537.36",info,production,main,MISS,serverless,/api/pipeline/adapters/test,multi-chat.vercel.app,multi-chat.vercel.app,dpl_EywyRntWdrYpmRzGvUi38m2ejPmB,,,,,"[TEST-SERVICE] Inference results received: {
  controlResponseLength: 2370,
  controlResponsePreview: "" I'm sorry to hear that you're feeling overwhelmed and guilty about the inheritance you've received."",
  adaptedResponseLength: 1367,
  adaptedResponsePreview: "" Jennifer, first, I want you to take a breath. What you're feeling right now is completely normal, a"",
  controlTokens: 594,
  adaptedTokens: 412
}",prj_KtvFJM3U67lx5QwylA1vzxX2PQtJ,,,,,
2026-01-26 00:00:43,1769385643113,multi-chat.vercel.app/api/pipeline/adapters/test,POST,,200,7rc2z-1769385583262-c214e17f3ddd,"Mozilla/5.0 (Windows NT 10.0; Win64; x64) AppleWebKit/537.36 (KHTML, like Gecko) Chrome/144.0.0.0 Safari/537.36",info,production,main,MISS,serverless,/api/pipeline/adapters/test,multi-chat.vercel.app,multi-chat.vercel.app,dpl_EywyRntWdrYpmRzGvUi38m2ejPmB,,,,,"[TEST-SERVICE] Database updates prepared: {
  control_response_length: 2370,
  adapted_response_length: 1367,
  control_tokens: 594,
  adapted_tokens: 412
}",prj_KtvFJM3U67lx5QwylA1vzxX2PQtJ,,,,,
2026-01-26 00:00:53,1769385653918,multi-chat.vercel.app/api/pipeline/adapters/test,POST,,200,7rc2z-1769385583262-c214e17f3ddd,"Mozilla/5.0 (Windows NT 10.0; Win64; x64) AppleWebKit/537.36 (KHTML, like Gecko) Chrome/144.0.0.0 Safari/537.36",error,production,main,MISS,serverless,/api/pipeline/adapters/test,multi-chat.vercel.app,multi-chat.vercel.app,dpl_EywyRntWdrYpmRzGvUi38m2ejPmB,,,,,"Evaluation failed: SyntaxError: Unexpected token '`', ""```json
{
""... is not valid JSON
    at JSON.parse (<anonymous>)
    at q (/var/task/src/.next/server/chunks/5630.js:57:320)
    at process.processTicksAndRejections (node:internal/process/task_queues:95:5)
    at async Promise.all (index 0)
    at async O (/var/task/src/.next/server/chunks/5630.js:57:2480)
    at async c (/var/task/src/.next/server/app/api/pipeline/adapters/test/route.js:1:2307)
    at async /var/task/src/node_modules/next/dist/compiled/next-server/app-route.runtime.prod.js:6:38411
    at async e_.execute (/var/task/src/node_modules/next/dist/compiled/next-server/app-route.runtime.prod.js:6:27880)
    at async e_.handle (/var/task/src/node_modules/next/dist/compiled/next-server/app-route.runtime.prod.js:6:39943)
    at async en (/var/task/src/node_modules/next/dist/compiled/next-server/server.runtime.prod.js:16:25561)",prj_KtvFJM3U67lx5QwylA1vzxX2PQtJ,,,,,
2026-01-25 23:59:50,1769385590520,multi-chat.vercel.app/api/pipeline/adapters/test,POST,,200,7rc2z-1769385583262-c214e17f3ddd,"Mozilla/5.0 (Windows NT 10.0; Win64; x64) AppleWebKit/537.36 (KHTML, like Gecko) Chrome/144.0.0.0 Safari/537.36",info,production,main,MISS,serverless,/api/pipeline/adapters/test,multi-chat.vercel.app,multi-chat.vercel.app,dpl_EywyRntWdrYpmRzGvUi38m2ejPmB,,,,,"[INFERENCE-PODS] Response received: {
  hasChoices: true,
  choicesCount: 1,
  hasUsage: true,
  generationTimeMs: 6430
}",prj_KtvFJM3U67lx5QwylA1vzxX2PQtJ,,,,,
2026-01-25 23:59:50,1769385590520,multi-chat.vercel.app/api/pipeline/adapters/test,POST,,200,7rc2z-1769385583262-c214e17f3ddd,"Mozilla/5.0 (Windows NT 10.0; Win64; x64) AppleWebKit/537.36 (KHTML, like Gecko) Chrome/144.0.0.0 Safari/537.36",info,production,main,MISS,serverless,/api/pipeline/adapters/test,multi-chat.vercel.app,multi-chat.vercel.app,dpl_EywyRntWdrYpmRzGvUi38m2ejPmB,,,,,"[INFERENCE-PODS] ✅ Extracted response: {
  responseLength: 2370,
  responsePreview: "" I'm sorry to hear that you're feeling overwhelmed and guilty about the inheritance you've received."",
  tokensUsed: 594,
  generationTimeMs: 6430
}",prj_KtvFJM3U67lx5QwylA1vzxX2PQtJ,,,,,
2026-01-25 23:59:50,1769385590520,multi-chat.vercel.app/api/pipeline/adapters/test,POST,,200,7rc2z-1769385583262-c214e17f3ddd,"Mozilla/5.0 (Windows NT 10.0; Win64; x64) AppleWebKit/537.36 (KHTML, like Gecko) Chrome/144.0.0.0 Safari/537.36",info,production,main,MISS,serverless,/api/pipeline/adapters/test,multi-chat.vercel.app,multi-chat.vercel.app,dpl_EywyRntWdrYpmRzGvUi38m2ejPmB,,,,,"[TEST-SERVICE] Control inference completed: {
  responseLength: 2370,
  responsePreview: "" I'm sorry to hear that you're feeling overwhelmed and guilty about the inheritance you've received.""
}",prj_KtvFJM3U67lx5QwylA1vzxX2PQtJ,,,,,
2026-01-25 23:59:50,1769385590521,multi-chat.vercel.app/api/pipeline/adapters/test,POST,,200,7rc2z-1769385583262-c214e17f3ddd,"Mozilla/5.0 (Windows NT 10.0; Win64; x64) AppleWebKit/537.36 (KHTML, like Gecko) Chrome/144.0.0.0 Safari/537.36",info,production,main,MISS,serverless,/api/pipeline/adapters/test,multi-chat.vercel.app,multi-chat.vercel.app,dpl_EywyRntWdrYpmRzGvUi38m2ejPmB,,,,,[TEST-SERVICE] Step 2/2: Running adapted (LoRA) inference...,prj_KtvFJM3U67lx5QwylA1vzxX2PQtJ,,,,,
2026-01-25 23:59:50,1769385590521,multi-chat.vercel.app/api/pipeline/adapters/test,POST,,200,7rc2z-1769385583262-c214e17f3ddd,"Mozilla/5.0 (Windows NT 10.0; Win64; x64) AppleWebKit/537.36 (KHTML, like Gecko) Chrome/144.0.0.0 Safari/537.36",info,production,main,MISS,serverless,/api/pipeline/adapters/test,multi-chat.vercel.app,multi-chat.vercel.app,dpl_EywyRntWdrYpmRzGvUi38m2ejPmB,,,,,"[INFERENCE-SERVICE] Routing to pods implementation {
  endpointId: 'virtual-inference-6fd5ac79-adapted',
  useAdapter: true,
  hasJobId: true,
  promptLength: 297
}",prj_KtvFJM3U67lx5QwylA1vzxX2PQtJ,,,,,
2026-01-25 23:59:50,1769385590521,multi-chat.vercel.app/api/pipeline/adapters/test,POST,,200,7rc2z-1769385583262-c214e17f3ddd,"Mozilla/5.0 (Windows NT 10.0; Win64; x64) AppleWebKit/537.36 (KHTML, like Gecko) Chrome/144.0.0.0 Safari/537.36",info,production,main,MISS,serverless,/api/pipeline/adapters/test,multi-chat.vercel.app,multi-chat.vercel.app,dpl_EywyRntWdrYpmRzGvUi38m2ejPmB,,,,,"[INFERENCE-PODS] Calling pod endpoint: {
  url: 'https://5zjjwc89ljh2ja-8001.proxy.runpod.net/v1/chat/completions',
  useAdapter: true,
  model: 'adapter-6fd5ac79',
  messagesCount: 2,
  promptLength: 297
}",prj_KtvFJM3U67lx5QwylA1vzxX2PQtJ,,,,,
2026-01-25 23:59:43,1769385583262,multi-chat.vercel.app/api/pipeline/adapters/test,POST,,200,7rc2z-1769385583262-c214e17f3ddd,"Mozilla/5.0 (Windows NT 10.0; Win64; x64) AppleWebKit/537.36 (KHTML, like Gecko) Chrome/144.0.0.0 Safari/537.36",,production,main,MISS,middleware,middleware,multi-chat.vercel.app,multi-chat.vercel.app,dpl_EywyRntWdrYpmRzGvUi38m2ejPmB,174,sfo1,147,2048,,prj_KtvFJM3U67lx5QwylA1vzxX2PQtJ,,,01KFVSJRN705VSJ2JDF9EGNQNY,LHEQCB1GgPc6,1
2026-01-25 23:59:43,1769385583262,multi-chat.vercel.app/api/pipeline/adapters/test,POST,,200,7rc2z-1769385583262-c214e17f3ddd,"Mozilla/5.0 (Windows NT 10.0; Win64; x64) AppleWebKit/537.36 (KHTML, like Gecko) Chrome/144.0.0.0 Safari/537.36",,production,main,MISS,serverless,/api/pipeline/adapters/test,multi-chat.vercel.app,multi-chat.vercel.app,dpl_EywyRntWdrYpmRzGvUi38m2ejPmB,70739,iad1,259,2048,,prj_KtvFJM3U67lx5QwylA1vzxX2PQtJ,,,01KFVSJRW0Q9J2RXPXQQR13P4A,4C6OaJUmzxCH,1
2026-01-25 23:58:57,1769385537426,multi-chat.vercel.app/api/pipeline/adapters/status,GET,jobId=6fd5ac79-c54b-4927-8138-ca159108bcae,200,fwdnd-1769385537422-e69603182a0f,"Mozilla/5.0 (Windows NT 10.0; Win64; x64) AppleWebKit/537.36 (KHTML, like Gecko) Chrome/144.0.0.0 Safari/537.36",info,production,main,MISS,middleware,/api/pipeline/adapters/status,multi-chat.vercel.app,multi-chat.vercel.app,dpl_EywyRntWdrYpmRzGvUi38m2ejPmB,,,,,[pipeline] / status=200,prj_KtvFJM3U67lx5QwylA1vzxX2PQtJ,,,,,
2026-01-25 23:58:57,1769385537422,multi-chat.vercel.app/api/pipeline/adapters/status,GET,jobId=6fd5ac79-c54b-4927-8138-ca159108bcae,200,fwdnd-1769385537422-e69603182a0f,"Mozilla/5.0 (Windows NT 10.0; Win64; x64) AppleWebKit/537.36 (KHTML, like Gecko) Chrome/144.0.0.0 Safari/537.36",,production,main,MISS,middleware,middleware,multi-chat.vercel.app,multi-chat.vercel.app,dpl_EywyRntWdrYpmRzGvUi38m2ejPmB,43,sfo1,142,2048,,prj_KtvFJM3U67lx5QwylA1vzxX2PQtJ,,,01KFVSHBWJVYKF221N8K5VFXAP,ah1WrV7oIb9K,1
2026-01-25 23:58:57,1769385537422,multi-chat.vercel.app/api/pipeline/adapters/status,GET,jobId=6fd5ac79-c54b-4927-8138-ca159108bcae,200,fwdnd-1769385537422-e69603182a0f,"Mozilla/5.0 (Windows NT 10.0; Win64; x64) AppleWebKit/537.36 (KHTML, like Gecko) Chrome/144.0.0.0 Safari/537.36",,production,main,MISS,serverless,/api/pipeline/adapters/status,multi-chat.vercel.app,multi-chat.vercel.app,dpl_EywyRntWdrYpmRzGvUi38m2ejPmB,408,iad1,259,2048,,prj_KtvFJM3U67lx5QwylA1vzxX2PQtJ,,,01KFVSHBZ7XBY7339VNY53Z015,CKh7TMFu6KoZ,1
2026-01-25 23:58:57,1769385537424,multi-chat.vercel.app/api/pipeline/adapters/test,GET,jobId=6fd5ac79-c54b-4927-8138-ca159108bcae,200,lctnn-1769385537419-897cdeafac38,"Mozilla/5.0 (Windows NT 10.0; Win64; x64) AppleWebKit/537.36 (KHTML, like Gecko) Chrome/144.0.0.0 Safari/537.36",info,production,main,MISS,middleware,/api/pipeline/adapters/test,multi-chat.vercel.app,multi-chat.vercel.app,dpl_EywyRntWdrYpmRzGvUi38m2ejPmB,,,,,[pipeline] / status=200,prj_KtvFJM3U67lx5QwylA1vzxX2PQtJ,,,,,
2026-01-25 23:58:58,1769385538151,multi-chat.vercel.app/api/pipeline/adapters/test,GET,jobId=6fd5ac79-c54b-4927-8138-ca159108bcae,200,lctnn-1769385537419-897cdeafac38,"Mozilla/5.0 (Windows NT 10.0; Win64; x64) AppleWebKit/537.36 (KHTML, like Gecko) Chrome/144.0.0.0 Safari/537.36",info,production,main,MISS,serverless,/api/pipeline/adapters/test,multi-chat.vercel.app,multi-chat.vercel.app,dpl_EywyRntWdrYpmRzGvUi38m2ejPmB,,,,,"✅ Rate limiter initialized with config: { requestLimit: 50, windowSeconds: 60, threshold: '90%' }",prj_KtvFJM3U67lx5QwylA1vzxX2PQtJ,,,,,
2026-01-25 23:58:58,1769385538224,multi-chat.vercel.app/api/pipeline/adapters/test,GET,jobId=6fd5ac79-c54b-4927-8138-ca159108bcae,200,lctnn-1769385537419-897cdeafac38,"Mozilla/5.0 (Windows NT 10.0; Win64; x64) AppleWebKit/537.36 (KHTML, like Gecko) Chrome/144.0.0.0 Safari/537.36",info,production,main,MISS,serverless,/api/pipeline/adapters/test,multi-chat.vercel.app,multi-chat.vercel.app,dpl_EywyRntWdrYpmRzGvUi38m2ejPmB,,,,,[INFERENCE-SERVICE] Mode selected: pods,prj_KtvFJM3U67lx5QwylA1vzxX2PQtJ,,,,,
2026-01-25 23:58:57,1769385537419,multi-chat.vercel.app/api/pipeline/adapters/test,GET,jobId=6fd5ac79-c54b-4927-8138-ca159108bcae,200,lctnn-1769385537419-897cdeafac38,"Mozilla/5.0 (Windows NT 10.0; Win64; x64) AppleWebKit/537.36 (KHTML, like Gecko) Chrome/144.0.0.0 Safari/537.36",,production,main,MISS,middleware,middleware,multi-chat.vercel.app,multi-chat.vercel.app,dpl_EywyRntWdrYpmRzGvUi38m2ejPmB,67,sfo1,147,2048,,prj_KtvFJM3U67lx5QwylA1vzxX2PQtJ,,,01KFVSHBWGVH9RN2MNH6SJZGX1,LHEQCB1GgPc6,1
2026-01-25 23:58:57,1769385537419,multi-chat.vercel.app/api/pipeline/adapters/test,GET,jobId=6fd5ac79-c54b-4927-8138-ca159108bcae,200,lctnn-1769385537419-897cdeafac38,"Mozilla/5.0 (Windows NT 10.0; Win64; x64) AppleWebKit/537.36 (KHTML, like Gecko) Chrome/144.0.0.0 Safari/537.36",,production,main,MISS,serverless,/api/pipeline/adapters/test,multi-chat.vercel.app,multi-chat.vercel.app,dpl_EywyRntWdrYpmRzGvUi38m2ejPmB,1065,iad1,285,2048,,prj_KtvFJM3U67lx5QwylA1vzxX2PQtJ,,,01KFVSHC0BWDSY39K8PPJQZDBK,4C6OaJUmzxCH,1
2026-01-25 23:58:57,1769385537032,multi-chat.vercel.app/pipeline/jobs/6fd5ac79-c54b-4927-8138-ca159108bcae/test,GET,_rsc=ms5b3,200,fwdnd-1769385537014-7166bdd05eb7,"Mozilla/5.0 (Windows NT 10.0; Win64; x64) AppleWebKit/537.36 (KHTML, like Gecko) Chrome/144.0.0.0 Safari/537.36",info,production,main,MISS,middleware,/pipeline/jobs/[jobId]/test,multi-chat.vercel.app,multi-chat.vercel.app,dpl_EywyRntWdrYpmRzGvUi38m2ejPmB,,,,,[jobs] / status=200,prj_KtvFJM3U67lx5QwylA1vzxX2PQtJ,,,,,
2026-01-25 23:58:57,1769385537014,multi-chat.vercel.app/pipeline/jobs/6fd5ac79-c54b-4927-8138-ca159108bcae/test,GET,_rsc=ms5b3,200,fwdnd-1769385537014-7166bdd05eb7,"Mozilla/5.0 (Windows NT 10.0; Win64; x64) AppleWebKit/537.36 (KHTML, like Gecko) Chrome/144.0.0.0 Safari/537.36",,production,main,MISS,middleware,middleware,multi-chat.vercel.app,multi-chat.vercel.app,dpl_EywyRntWdrYpmRzGvUi38m2ejPmB,64,sfo1,142,2048,,prj_KtvFJM3U67lx5QwylA1vzxX2PQtJ,,,01KFVSHBG8H4KC1839X25RMS9D,ah1WrV7oIb9K,1
2026-01-25 23:58:57,1769385537014,multi-chat.vercel.app/pipeline/jobs/6fd5ac79-c54b-4927-8138-ca159108bcae/test,GET,_rsc=ms5b3,200,fwdnd-1769385537014-7166bdd05eb7,"Mozilla/5.0 (Windows NT 10.0; Win64; x64) AppleWebKit/537.36 (KHTML, like Gecko) Chrome/144.0.0.0 Safari/537.36",,production,main,MISS,serverless,/pipeline/jobs/[jobId]/test.rsc,multi-chat.vercel.app,multi-chat.vercel.app,dpl_EywyRntWdrYpmRzGvUi38m2ejPmB,45,iad1,257,2048,,prj_KtvFJM3U67lx5QwylA1vzxX2PQtJ,,,01KFVSHBS6GHKDTB3ECD4Z3QHE,gDPWaHY9CZ6g,1
2026-01-25 23:58:39,1769385519139,multi-chat.vercel.app/api/pipeline/adapters/status,GET,jobId=6fd5ac79-c54b-4927-8138-ca159108bcae,200,prbd5-1769385519001-1bef68863bca,"Mozilla/5.0 (Windows NT 10.0; Win64; x64) AppleWebKit/537.36 (KHTML, like Gecko) Chrome/144.0.0.0 Safari/537.36",info,production,main,MISS,serverless,/api/pipeline/adapters/status,multi-chat.vercel.app,multi-chat.vercel.app,dpl_EywyRntWdrYpmRzGvUi38m2ejPmB,,,,,"✅ Rate limiter initialized with config: { requestLimit: 50, windowSeconds: 60, threshold: '90%' }",prj_KtvFJM3U67lx5QwylA1vzxX2PQtJ,,,,,
2026-01-25 23:58:39,1769385519203,multi-chat.vercel.app/api/pipeline/adapters/status,GET,jobId=6fd5ac79-c54b-4927-8138-ca159108bcae,200,prbd5-1769385519001-1bef68863bca,"Mozilla/5.0 (Windows NT 10.0; Win64; x64) AppleWebKit/537.36 (KHTML, like Gecko) Chrome/144.0.0.0 Safari/537.36",info,production,main,MISS,serverless,/api/pipeline/adapters/status,multi-chat.vercel.app,multi-chat.vercel.app,dpl_EywyRntWdrYpmRzGvUi38m2ejPmB,,,,,[INFERENCE-SERVICE] Mode selected: pods,prj_KtvFJM3U67lx5QwylA1vzxX2PQtJ,,,,,
2026-01-25 23:58:39,1769385519005,multi-chat.vercel.app/api/pipeline/adapters/status,GET,jobId=6fd5ac79-c54b-4927-8138-ca159108bcae,200,prbd5-1769385519001-1bef68863bca,"Mozilla/5.0 (Windows NT 10.0; Win64; x64) AppleWebKit/537.36 (KHTML, like Gecko) Chrome/144.0.0.0 Safari/537.36",info,production,main,MISS,middleware,/api/pipeline/adapters/status,multi-chat.vercel.app,multi-chat.vercel.app,dpl_EywyRntWdrYpmRzGvUi38m2ejPmB,,,,,[pipeline] / status=200,prj_KtvFJM3U67lx5QwylA1vzxX2PQtJ,,,,,
2026-01-25 23:58:39,1769385519001,multi-chat.vercel.app/api/pipeline/adapters/status,GET,jobId=6fd5ac79-c54b-4927-8138-ca159108bcae,200,prbd5-1769385519001-1bef68863bca,"Mozilla/5.0 (Windows NT 10.0; Win64; x64) AppleWebKit/537.36 (KHTML, like Gecko) Chrome/144.0.0.0 Safari/537.36",,production,main,MISS,middleware,middleware,multi-chat.vercel.app,multi-chat.vercel.app,dpl_EywyRntWdrYpmRzGvUi38m2ejPmB,41,sfo1,142,2048,,prj_KtvFJM3U67lx5QwylA1vzxX2PQtJ,,,01KFVSGSWXRQYD3WGZ527DJ60G,ah1WrV7oIb9K,1
2026-01-25 23:58:39,1769385519001,multi-chat.vercel.app/api/pipeline/adapters/status,GET,jobId=6fd5ac79-c54b-4927-8138-ca159108bcae,200,prbd5-1769385519001-1bef68863bca,"Mozilla/5.0 (Windows NT 10.0; Win64; x64) AppleWebKit/537.36 (KHTML, like Gecko) Chrome/144.0.0.0 Safari/537.36",,production,main,MISS,serverless,/api/pipeline/adapters/status,multi-chat.vercel.app,multi-chat.vercel.app,dpl_EywyRntWdrYpmRzGvUi38m2ejPmB,495,iad1,259,2048,,prj_KtvFJM3U67lx5QwylA1vzxX2PQtJ,,,01KFVSGSZNBH8RMTX0GW54W5Q9,CKh7TMFu6KoZ,1
2026-01-25 23:58:38,1769385518823,multi-chat.vercel.app/pipeline/jobs/6fd5ac79-c54b-4927-8138-ca159108bcae/results,GET,_rsc=1wdf7,200,2p82k-1769385518819-b0c57876156a,"Mozilla/5.0 (Windows NT 10.0; Win64; x64) AppleWebKit/537.36 (KHTML, like Gecko) Chrome/144.0.0.0 Safari/537.36",info,production,main,MISS,middleware,/pipeline/jobs/[jobId]/results,multi-chat.vercel.app,multi-chat.vercel.app,dpl_EywyRntWdrYpmRzGvUi38m2ejPmB,,,,,[jobs] / status=200,prj_KtvFJM3U67lx5QwylA1vzxX2PQtJ,,,,,
2026-01-25 23:58:38,1769385518819,multi-chat.vercel.app/pipeline/jobs/6fd5ac79-c54b-4927-8138-ca159108bcae/results,GET,_rsc=1wdf7,200,2p82k-1769385518819-b0c57876156a,"Mozilla/5.0 (Windows NT 10.0; Win64; x64) AppleWebKit/537.36 (KHTML, like Gecko) Chrome/144.0.0.0 Safari/537.36",,production,main,MISS,middleware,middleware,multi-chat.vercel.app,multi-chat.vercel.app,dpl_EywyRntWdrYpmRzGvUi38m2ejPmB,53,sfo1,142,2048,,prj_KtvFJM3U67lx5QwylA1vzxX2PQtJ,,,01KFVSGSQ711Y2MW6WV19XWDAK,ah1WrV7oIb9K,1
2026-01-25 23:58:38,1769385518819,multi-chat.vercel.app/pipeline/jobs/6fd5ac79-c54b-4927-8138-ca159108bcae/results,GET,_rsc=1wdf7,200,2p82k-1769385518819-b0c57876156a,"Mozilla/5.0 (Windows NT 10.0; Win64; x64) AppleWebKit/537.36 (KHTML, like Gecko) Chrome/144.0.0.0 Safari/537.36",,production,main,MISS,serverless,/pipeline/jobs/[jobId]/results.rsc,multi-chat.vercel.app,multi-chat.vercel.app,dpl_EywyRntWdrYpmRzGvUi38m2ejPmB,13,iad1,255,2048,,prj_KtvFJM3U67lx5QwylA1vzxX2PQtJ,,,01KFVSGSTFE9KK9QVM9S692MS4,gDPWaHY9CZ6g,1
2026-01-25 23:58:34,1769385514354,multi-chat.vercel.app/pipeline/jobs/6fd5ac79-c54b-4927-8138-ca159108bcae/results,GET,_rsc=km535,200,wbj7f-1769385514348-c8e2b3ab7a1f,"Mozilla/5.0 (Windows NT 10.0; Win64; x64) AppleWebKit/537.36 (KHTML, like Gecko) Chrome/144.0.0.0 Safari/537.36",info,production,main,MISS,middleware,/pipeline/jobs/[jobId]/results,multi-chat.vercel.app,multi-chat.vercel.app,dpl_EywyRntWdrYpmRzGvUi38m2ejPmB,,,,,[jobs] / status=200,prj_KtvFJM3U67lx5QwylA1vzxX2PQtJ,,,,,
2026-01-25 23:58:34,1769385514348,multi-chat.vercel.app/pipeline/jobs/6fd5ac79-c54b-4927-8138-ca159108bcae/results,GET,_rsc=km535,200,wbj7f-1769385514348-c8e2b3ab7a1f,"Mozilla/5.0 (Windows NT 10.0; Win64; x64) AppleWebKit/537.36 (KHTML, like Gecko) Chrome/144.0.0.0 Safari/537.36",,production,main,MISS,middleware,middleware,multi-chat.vercel.app,multi-chat.vercel.app,dpl_EywyRntWdrYpmRzGvUi38m2ejPmB,37,sfo1,142,2048,,prj_KtvFJM3U67lx5QwylA1vzxX2PQtJ,,,01KFVSGNBJ6S718GXA4PC2125Q,ah1WrV7oIb9K,1
2026-01-25 23:58:34,1769385514348,multi-chat.vercel.app/pipeline/jobs/6fd5ac79-c54b-4927-8138-ca159108bcae/results,GET,_rsc=km535,200,wbj7f-1769385514348-c8e2b3ab7a1f,"Mozilla/5.0 (Windows NT 10.0; Win64; x64) AppleWebKit/537.36 (KHTML, like Gecko) Chrome/144.0.0.0 Safari/537.36",,production,main,MISS,serverless,/pipeline/jobs/[jobId]/results.rsc,multi-chat.vercel.app,multi-chat.vercel.app,dpl_EywyRntWdrYpmRzGvUi38m2ejPmB,20,iad1,254,2048,,prj_KtvFJM3U67lx5QwylA1vzxX2PQtJ,,,01KFVSGNG0T37GP5EW17JTB3HB,gDPWaHY9CZ6g,1
2026-01-25 23:58:33,1769385513961,multi-chat.vercel.app/api/pipeline/jobs/6fd5ac79-c54b-4927-8138-ca159108bcae,GET,nxtPjobId=6fd5ac79-c54b-4927-8138-ca159108bcae,200,nt79h-1769385513953-8ab2d5f52590,"Mozilla/5.0 (Windows NT 10.0; Win64; x64) AppleWebKit/537.36 (KHTML, like Gecko) Chrome/144.0.0.0 Safari/537.36",info,production,main,MISS,middleware,/api/pipeline/jobs/[jobId],multi-chat.vercel.app,multi-chat.vercel.app,dpl_EywyRntWdrYpmRzGvUi38m2ejPmB,,,,,[pipeline] / status=200,prj_KtvFJM3U67lx5QwylA1vzxX2PQtJ,,,,,
2026-01-25 23:58:33,1769385513953,multi-chat.vercel.app/api/pipeline/jobs/6fd5ac79-c54b-4927-8138-ca159108bcae,GET,nxtPjobId=6fd5ac79-c54b-4927-8138-ca159108bcae,200,nt79h-1769385513953-8ab2d5f52590,"Mozilla/5.0 (Windows NT 10.0; Win64; x64) AppleWebKit/537.36 (KHTML, like Gecko) Chrome/144.0.0.0 Safari/537.36",,production,main,MISS,middleware,middleware,multi-chat.vercel.app,multi-chat.vercel.app,dpl_EywyRntWdrYpmRzGvUi38m2ejPmB,43,sfo1,142,2048,,prj_KtvFJM3U67lx5QwylA1vzxX2PQtJ,,,01KFVSGMZ97WX2YW5H3A2M7XXV,ah1WrV7oIb9K,1
2026-01-25 23:58:33,1769385513953,multi-chat.vercel.app/api/pipeline/jobs/6fd5ac79-c54b-4927-8138-ca159108bcae,GET,nxtPjobId=6fd5ac79-c54b-4927-8138-ca159108bcae,200,nt79h-1769385513953-8ab2d5f52590,"Mozilla/5.0 (Windows NT 10.0; Win64; x64) AppleWebKit/537.36 (KHTML, like Gecko) Chrome/144.0.0.0 Safari/537.36",,production,main,MISS,serverless,/api/pipeline/jobs/[jobId],multi-chat.vercel.app,multi-chat.vercel.app,dpl_EywyRntWdrYpmRzGvUi38m2ejPmB,240,iad1,280,2048,,prj_KtvFJM3U67lx5QwylA1vzxX2PQtJ,,,01KFVSGN21YVGYF84Y43QH4APG,CKh7TMFu6KoZ,1
2026-01-25 23:58:33,1769385513777,multi-chat.vercel.app/pipeline/jobs/6fd5ac79-c54b-4927-8138-ca159108bcae,GET,_rsc=n0x64,,pwwbc-1769385513777-c75ba81ec2a1,"Mozilla/5.0 (Windows NT 10.0; Win64; x64) AppleWebKit/537.36 (KHTML, like Gecko) Chrome/144.0.0.0 Safari/537.36",,production,,,middleware,middleware,multi-chat.vercel.app,,dpl_EywyRntWdrYpmRzGvUi38m2ejPmB,42,sfo1,142,2048,,prj_KtvFJM3U67lx5QwylA1vzxX2PQtJ,,,01KFVSGMSQS8R2BRNRTR7D1AHC,ah1WrV7oIb9K,1
2026-01-25 23:58:33,1769385513777,multi-chat.vercel.app/pipeline/jobs/6fd5ac79-c54b-4927-8138-ca159108bcae,GET,_rsc=n0x64,,pwwbc-1769385513777-c75ba81ec2a1,"Mozilla/5.0 (Windows NT 10.0; Win64; x64) AppleWebKit/537.36 (KHTML, like Gecko) Chrome/144.0.0.0 Safari/537.36",,production,,,serverless,/pipeline/jobs/[jobId].rsc,multi-chat.vercel.app,,dpl_EywyRntWdrYpmRzGvUi38m2ejPmB,15,iad1,253,2048,,prj_KtvFJM3U67lx5QwylA1vzxX2PQtJ,,,01KFVSGMWGK69W76X07GQQJB3Z,gDPWaHY9CZ6g,1
2026-01-25 23:58:32,1769385512226,multi-chat.vercel.app/pipeline/jobs/e7b7327d-36b4-41ed-8d9b-7d05091f9daa,GET,_rsc=1take,200,mqkjp-1769385512226-265c836e566c,"Mozilla/5.0 (Windows NT 10.0; Win64; x64) AppleWebKit/537.36 (KHTML, like Gecko) Chrome/144.0.0.0 Safari/537.36",,production,main,MISS,middleware,middleware,multi-chat.vercel.app,multi-chat-mtcsda0u6-james-jamesjordanms-projects.vercel.app,dpl_EywyRntWdrYpmRzGvUi38m2ejPmB,40,sfo1,142,2048,,prj_KtvFJM3U67lx5QwylA1vzxX2PQtJ,,,01KFVSGK95CFZ0ABPAZ70NK8K3,ah1WrV7oIb9K,1
2026-01-25 23:58:32,1769385512226,multi-chat.vercel.app/pipeline/jobs/e7b7327d-36b4-41ed-8d9b-7d05091f9daa,GET,_rsc=1take,200,mqkjp-1769385512226-265c836e566c,"Mozilla/5.0 (Windows NT 10.0; Win64; x64) AppleWebKit/537.36 (KHTML, like Gecko) Chrome/144.0.0.0 Safari/537.36",,production,main,MISS,serverless,/pipeline/jobs/[jobId].rsc,multi-chat.vercel.app,multi-chat-mtcsda0u6-james-jamesjordanms-projects.vercel.app,dpl_EywyRntWdrYpmRzGvUi38m2ejPmB,17,iad1,251,2048,,prj_KtvFJM3U67lx5QwylA1vzxX2PQtJ,,,01KFVSGKBVPQKCR1F0W04CFJBB,gDPWaHY9CZ6g,1
2026-01-25 23:58:32,1769385512133,multi-chat.vercel.app/pipeline/jobs/258b20b7-457d-4d3e-8f48-510b128b9ec8,GET,_rsc=1take,200,hlxpd-1769385512133-924aae36ee52,"Mozilla/5.0 (Windows NT 10.0; Win64; x64) AppleWebKit/537.36 (KHTML, like Gecko) Chrome/144.0.0.0 Safari/537.36",,production,main,MISS,middleware,middleware,multi-chat.vercel.app,multi-chat-mtcsda0u6-james-jamesjordanms-projects.vercel.app,dpl_EywyRntWdrYpmRzGvUi38m2ejPmB,71,sfo1,142,2048,,prj_KtvFJM3U67lx5QwylA1vzxX2PQtJ,,,01KFVSGK68PBRFFDPBP244M489,ah1WrV7oIb9K,1
2026-01-25 23:58:32,1769385512133,multi-chat.vercel.app/pipeline/jobs/258b20b7-457d-4d3e-8f48-510b128b9ec8,GET,_rsc=1take,200,hlxpd-1769385512133-924aae36ee52,"Mozilla/5.0 (Windows NT 10.0; Win64; x64) AppleWebKit/537.36 (KHTML, like Gecko) Chrome/144.0.0.0 Safari/537.36",,production,main,MISS,serverless,/pipeline/jobs/[jobId].rsc,multi-chat.vercel.app,multi-chat-mtcsda0u6-james-jamesjordanms-projects.vercel.app,dpl_EywyRntWdrYpmRzGvUi38m2ejPmB,13,iad1,250,2048,,prj_KtvFJM3U67lx5QwylA1vzxX2PQtJ,,,01KFVSGK9VEX2JTHBY4ZW8EMF5,gDPWaHY9CZ6g,1
2026-01-25 23:58:31,1769385511957,multi-chat.vercel.app/pipeline/jobs/4afc9fc4-d406-4847-8f4f-3dd644d7302f,GET,_rsc=1take,200,hlxpd-1769385511957-792300f6f384,"Mozilla/5.0 (Windows NT 10.0; Win64; x64) AppleWebKit/537.36 (KHTML, like Gecko) Chrome/144.0.0.0 Safari/537.36",,production,main,MISS,middleware,middleware,multi-chat.vercel.app,multi-chat-mtcsda0u6-james-jamesjordanms-projects.vercel.app,dpl_EywyRntWdrYpmRzGvUi38m2ejPmB,48,sfo1,142,2048,,prj_KtvFJM3U67lx5QwylA1vzxX2PQtJ,,,01KFVSGK0RFQFW9Y8TKEDZKRH9,ah1WrV7oIb9K,1
2026-01-25 23:58:31,1769385511957,multi-chat.vercel.app/pipeline/jobs/4afc9fc4-d406-4847-8f4f-3dd644d7302f,GET,_rsc=1take,200,hlxpd-1769385511957-792300f6f384,"Mozilla/5.0 (Windows NT 10.0; Win64; x64) AppleWebKit/537.36 (KHTML, like Gecko) Chrome/144.0.0.0 Safari/537.36",,production,main,MISS,serverless,/pipeline/jobs/[jobId].rsc,multi-chat.vercel.app,multi-chat-mtcsda0u6-james-jamesjordanms-projects.vercel.app,dpl_EywyRntWdrYpmRzGvUi38m2ejPmB,16,iad1,249,2048,,prj_KtvFJM3U67lx5QwylA1vzxX2PQtJ,,,01KFVSGK47B5MVM22SRAW1K6AN,NOZMau9Wx7bF,1
2026-01-25 23:58:31,1769385511815,multi-chat.vercel.app/pipeline/jobs/484beeee-a038-46ae-a266-6ce2c498bcba,GET,_rsc=1take,200,prbd5-1769385511815-95a897fa0046,"Mozilla/5.0 (Windows NT 10.0; Win64; x64) AppleWebKit/537.36 (KHTML, like Gecko) Chrome/144.0.0.0 Safari/537.36",,production,main,MISS,middleware,middleware,multi-chat.vercel.app,multi-chat-mtcsda0u6-james-jamesjordanms-projects.vercel.app,dpl_EywyRntWdrYpmRzGvUi38m2ejPmB,46,sfo1,142,2048,,prj_KtvFJM3U67lx5QwylA1vzxX2PQtJ,,,01KFVSGJWAGMM2E3CAH32K6Q52,ah1WrV7oIb9K,1
2026-01-25 23:58:31,1769385511815,multi-chat.vercel.app/pipeline/jobs/484beeee-a038-46ae-a266-6ce2c498bcba,GET,_rsc=1take,200,prbd5-1769385511815-95a897fa0046,"Mozilla/5.0 (Windows NT 10.0; Win64; x64) AppleWebKit/537.36 (KHTML, like Gecko) Chrome/144.0.0.0 Safari/537.36",,production,main,MISS,serverless,/pipeline/jobs/[jobId].rsc,multi-chat.vercel.app,multi-chat-mtcsda0u6-james-jamesjordanms-projects.vercel.app,dpl_EywyRntWdrYpmRzGvUi38m2ejPmB,452,iad1,245,2048,,prj_KtvFJM3U67lx5QwylA1vzxX2PQtJ,,,01KFVSGJZ3PTSA8TEM95GFM8SD,kd6y0JgcLDD3,1
2026-01-25 23:58:31,1769385511785,multi-chat.vercel.app/pipeline/jobs/33695008-80e9-43f5-974f-70d3cb3dac14,GET,_rsc=1take,200,hlxpd-1769385511785-a0642a9e4398,"Mozilla/5.0 (Windows NT 10.0; Win64; x64) AppleWebKit/537.36 (KHTML, like Gecko) Chrome/144.0.0.0 Safari/537.36",,production,main,MISS,middleware,middleware,multi-chat.vercel.app,multi-chat-mtcsda0u6-james-jamesjordanms-projects.vercel.app,dpl_EywyRntWdrYpmRzGvUi38m2ejPmB,48,sfo1,147,2048,,prj_KtvFJM3U67lx5QwylA1vzxX2PQtJ,,,01KFVSGJVG8SWHWQF1YH340XG7,LHEQCB1GgPc6,1
2026-01-25 23:58:31,1769385511785,multi-chat.vercel.app/pipeline/jobs/33695008-80e9-43f5-974f-70d3cb3dac14,GET,_rsc=1take,200,hlxpd-1769385511785-a0642a9e4398,"Mozilla/5.0 (Windows NT 10.0; Win64; x64) AppleWebKit/537.36 (KHTML, like Gecko) Chrome/144.0.0.0 Safari/537.36",,production,main,MISS,serverless,/pipeline/jobs/[jobId].rsc,multi-chat.vercel.app,multi-chat-mtcsda0u6-james-jamesjordanms-projects.vercel.app,dpl_EywyRntWdrYpmRzGvUi38m2ejPmB,16,iad1,248,2048,,prj_KtvFJM3U67lx5QwylA1vzxX2PQtJ,,,01KFVSGJYQZCRZ51F2QZ0PN8EF,NOZMau9Wx7bF,1
2026-01-25 23:58:31,1769385511396,multi-chat.vercel.app/pipeline/jobs/8905f705-034d-4873-ab7d-5d81e63f4acb,GET,_rsc=1take,200,prbd5-1769385511396-3a26435c1c5a,"Mozilla/5.0 (Windows NT 10.0; Win64; x64) AppleWebKit/537.36 (KHTML, like Gecko) Chrome/144.0.0.0 Safari/537.36",,production,main,MISS,middleware,middleware,multi-chat.vercel.app,multi-chat-mtcsda0u6-james-jamesjordanms-projects.vercel.app,dpl_EywyRntWdrYpmRzGvUi38m2ejPmB,41,sfo1,143,2048,,prj_KtvFJM3U67lx5QwylA1vzxX2PQtJ,,,01KFVSGJFF7GTFF8138FQYZZJK,EJmeePFNWTUq,1
2026-01-25 23:58:31,1769385511396,multi-chat.vercel.app/pipeline/jobs/8905f705-034d-4873-ab7d-5d81e63f4acb,GET,_rsc=1take,200,prbd5-1769385511396-3a26435c1c5a,"Mozilla/5.0 (Windows NT 10.0; Win64; x64) AppleWebKit/537.36 (KHTML, like Gecko) Chrome/144.0.0.0 Safari/537.36",,production,main,MISS,serverless,/pipeline/jobs/[jobId].rsc,multi-chat.vercel.app,multi-chat-mtcsda0u6-james-jamesjordanms-projects.vercel.app,dpl_EywyRntWdrYpmRzGvUi38m2ejPmB,135,iad1,245,2048,,prj_KtvFJM3U67lx5QwylA1vzxX2PQtJ,,,01KFVSGJNRZ3QXCTVSHPE2KKE2,NOZMau9Wx7bF,1
2026-01-25 23:58:31,1769385511396,multi-chat.vercel.app/pipeline/jobs/1676747f-be13-42dd-9c92-0decd38bba7b,GET,_rsc=1take,200,lctnn-1769385511396-a7eeebd14406,"Mozilla/5.0 (Windows NT 10.0; Win64; x64) AppleWebKit/537.36 (KHTML, like Gecko) Chrome/144.0.0.0 Safari/537.36",,production,main,MISS,middleware,middleware,multi-chat.vercel.app,multi-chat-mtcsda0u6-james-jamesjordanms-projects.vercel.app,dpl_EywyRntWdrYpmRzGvUi38m2ejPmB,54,sfo1,142,2048,,prj_KtvFJM3U67lx5QwylA1vzxX2PQtJ,,,01KFVSGJF9HYA9X9RPPS7VV1DH,ah1WrV7oIb9K,1
2026-01-25 23:58:31,1769385511396,multi-chat.vercel.app/pipeline/jobs/1676747f-be13-42dd-9c92-0decd38bba7b,GET,_rsc=1take,200,lctnn-1769385511396-a7eeebd14406,"Mozilla/5.0 (Windows NT 10.0; Win64; x64) AppleWebKit/537.36 (KHTML, like Gecko) Chrome/144.0.0.0 Safari/537.36",,production,main,MISS,serverless,/pipeline/jobs/[jobId].rsc,multi-chat.vercel.app,multi-chat-mtcsda0u6-james-jamesjordanms-projects.vercel.app,dpl_EywyRntWdrYpmRzGvUi38m2ejPmB,448,iad1,249,2048,,prj_KtvFJM3U67lx5QwylA1vzxX2PQtJ,,,01KFVSGJNRZ3QXCTVSHMVGT0K3,gDPWaHY9CZ6g,1
2026-01-25 23:58:31,1769385511396,multi-chat.vercel.app/pipeline/jobs/01d31071-0089-4b11-84f9-a88549f533d2,GET,_rsc=1take,200,2p82k-1769385511396-fd6cde433b6e,"Mozilla/5.0 (Windows NT 10.0; Win64; x64) AppleWebKit/537.36 (KHTML, like Gecko) Chrome/144.0.0.0 Safari/537.36",,production,main,MISS,middleware,middleware,multi-chat.vercel.app,multi-chat-mtcsda0u6-james-jamesjordanms-projects.vercel.app,dpl_EywyRntWdrYpmRzGvUi38m2ejPmB,41,sfo1,142,2048,,prj_KtvFJM3U67lx5QwylA1vzxX2PQtJ,,,01KFVSGJFK4GX0Y7H33REVJ948,ah1WrV7oIb9K,1
2026-01-25 23:58:31,1769385511396,multi-chat.vercel.app/pipeline/jobs/01d31071-0089-4b11-84f9-a88549f533d2,GET,_rsc=1take,200,2p82k-1769385511396-fd6cde433b6e,"Mozilla/5.0 (Windows NT 10.0; Win64; x64) AppleWebKit/537.36 (KHTML, like Gecko) Chrome/144.0.0.0 Safari/537.36",,production,main,MISS,serverless,/pipeline/jobs/[jobId].rsc,multi-chat.vercel.app,multi-chat-mtcsda0u6-james-jamesjordanms-projects.vercel.app,dpl_EywyRntWdrYpmRzGvUi38m2ejPmB,432,iad1,246,2048,,prj_KtvFJM3U67lx5QwylA1vzxX2PQtJ,,,01KFVSGJNSZH8A1TABE5NWEWZY,hfQVvTsWDusR,1
2026-01-25 23:58:31,1769385511395,multi-chat.vercel.app/pipeline/jobs/6fd5ac79-c54b-4927-8138-ca159108bcae,GET,_rsc=1take,200,mqkjp-1769385511395-9f0a0e985574,"Mozilla/5.0 (Windows NT 10.0; Win64; x64) AppleWebKit/537.36 (KHTML, like Gecko) Chrome/144.0.0.0 Safari/537.36",,production,main,MISS,middleware,middleware,multi-chat.vercel.app,multi-chat-mtcsda0u6-james-jamesjordanms-projects.vercel.app,dpl_EywyRntWdrYpmRzGvUi38m2ejPmB,51,sfo1,143,2048,,prj_KtvFJM3U67lx5QwylA1vzxX2PQtJ,,,01KFVSGJF65JNNX6AE7GQB69AG,EJmeePFNWTUq,1
2026-01-25 23:58:31,1769385511395,multi-chat.vercel.app/pipeline/jobs/6fd5ac79-c54b-4927-8138-ca159108bcae,GET,_rsc=1take,200,mqkjp-1769385511395-9f0a0e985574,"Mozilla/5.0 (Windows NT 10.0; Win64; x64) AppleWebKit/537.36 (KHTML, like Gecko) Chrome/144.0.0.0 Safari/537.36",,production,main,MISS,serverless,/pipeline/jobs/[jobId].rsc,multi-chat.vercel.app,multi-chat-mtcsda0u6-james-jamesjordanms-projects.vercel.app,dpl_EywyRntWdrYpmRzGvUi38m2ejPmB,427,iad1,247,2048,,prj_KtvFJM3U67lx5QwylA1vzxX2PQtJ,,,01KFVSGJNZ5TZAN4DWRDR0QX8H,duM0zweMI82n,1
2026-01-25 23:58:31,1769385511395,multi-chat.vercel.app/pipeline/jobs/3bcdb59d-b841-4d67-8d89-5261f9706973,GET,_rsc=1take,200,mhgcn-1769385511395-07526c86c729,"Mozilla/5.0 (Windows NT 10.0; Win64; x64) AppleWebKit/537.36 (KHTML, like Gecko) Chrome/144.0.0.0 Safari/537.36",,production,main,MISS,middleware,middleware,multi-chat.vercel.app,multi-chat-mtcsda0u6-james-jamesjordanms-projects.vercel.app,dpl_EywyRntWdrYpmRzGvUi38m2ejPmB,638,sfo1,132,2048,,prj_KtvFJM3U67lx5QwylA1vzxX2PQtJ,,,01KFVSGJFADF2VFY1RZYT9WE3Q,LHEQCB1GgPc6,1
2026-01-25 23:58:31,1769385511395,multi-chat.vercel.app/pipeline/jobs/3bcdb59d-b841-4d67-8d89-5261f9706973,GET,_rsc=1take,200,mhgcn-1769385511395-07526c86c729,"Mozilla/5.0 (Windows NT 10.0; Win64; x64) AppleWebKit/537.36 (KHTML, like Gecko) Chrome/144.0.0.0 Safari/537.36",,production,main,MISS,serverless,/pipeline/jobs/[jobId].rsc,multi-chat.vercel.app,multi-chat-mtcsda0u6-james-jamesjordanms-projects.vercel.app,dpl_EywyRntWdrYpmRzGvUi38m2ejPmB,15,iad1,247,2048,,prj_KtvFJM3U67lx5QwylA1vzxX2PQtJ,,,01KFVSGJS7YKN80YHBE3HVNNGD,NOZMau9Wx7bF,1
2026-01-25 23:58:30,1769385510678,multi-chat.vercel.app/pipeline/configure,GET,_rsc=1take,200,rn2m7-1769385510678-5d6f9e758597,"Mozilla/5.0 (Windows NT 10.0; Win64; x64) AppleWebKit/537.36 (KHTML, like Gecko) Chrome/144.0.0.0 Safari/537.36",,production,main,PRERENDER,middleware,middleware,multi-chat.vercel.app,multi-chat-mtcsda0u6-james-jamesjordanms-projects.vercel.app,dpl_EywyRntWdrYpmRzGvUi38m2ejPmB,74,sfo1,143,2048,,prj_KtvFJM3U67lx5QwylA1vzxX2PQtJ,,,01KFVSGHRYXZEYF4MFMSPY4GHK,EJmeePFNWTUq,1
2026-01-25 23:58:30,1769385510678,multi-chat.vercel.app/pipeline/configure,GET,_rsc=1take,200,rn2m7-1769385510678-5d6f9e758597,"Mozilla/5.0 (Windows NT 10.0; Win64; x64) AppleWebKit/537.36 (KHTML, like Gecko) Chrome/144.0.0.0 Safari/537.36",,production,main,PRERENDER,static,/pipeline/configure,multi-chat.vercel.app,multi-chat-mtcsda0u6-james-jamesjordanms-projects.vercel.app,dpl_EywyRntWdrYpmRzGvUi38m2ejPmB,298,sfo1,,,,prj_KtvFJM3U67lx5QwylA1vzxX2PQtJ,,,,,
2026-01-25 23:58:30,1769385510678,multi-chat.vercel.app/api/pipeline/jobs,GET,limit=20,200,mqkjp-1769385510678-4fa0bdf1e3d4,"Mozilla/5.0 (Windows NT 10.0; Win64; x64) AppleWebKit/537.36 (KHTML, like Gecko) Chrome/144.0.0.0 Safari/537.36",,production,main,MISS,middleware,middleware,multi-chat.vercel.app,multi-chat-mtcsda0u6-james-jamesjordanms-projects.vercel.app,dpl_EywyRntWdrYpmRzGvUi38m2ejPmB,51,sfo1,142,2048,,prj_KtvFJM3U67lx5QwylA1vzxX2PQtJ,,,01KFVSGHRSEHAP9TNPQS5DXTKB,ah1WrV7oIb9K,1
2026-01-25 23:58:30,1769385510678,multi-chat.vercel.app/api/pipeline/jobs,GET,limit=20,200,mqkjp-1769385510678-4fa0bdf1e3d4,"Mozilla/5.0 (Windows NT 10.0; Win64; x64) AppleWebKit/537.36 (KHTML, like Gecko) Chrome/144.0.0.0 Safari/537.36",,production,main,MISS,serverless,/api/pipeline/jobs,multi-chat.vercel.app,multi-chat-mtcsda0u6-james-jamesjordanms-projects.vercel.app,dpl_EywyRntWdrYpmRzGvUi38m2ejPmB,498,iad1,280,2048,,prj_KtvFJM3U67lx5QwylA1vzxX2PQtJ,,,01KFVSGHYQ894HANVFFH1V31X8,CKh7TMFu6KoZ,1
2026-01-25 23:58:30,1769385510335,multi-chat.vercel.app/pipeline/jobs,GET,_rsc=1hc9m,200,mqkjp-1769385510335-b57f8819d9fe,"Mozilla/5.0 (Windows NT 10.0; Win64; x64) AppleWebKit/537.36 (KHTML, like Gecko) Chrome/144.0.0.0 Safari/537.36",,production,main,PRERENDER,middleware,middleware,multi-chat.vercel.app,multi-chat-mtcsda0u6-james-jamesjordanms-projects.vercel.app,dpl_EywyRntWdrYpmRzGvUi38m2ejPmB,57,sfo1,142,2048,,prj_KtvFJM3U67lx5QwylA1vzxX2PQtJ,,,01KFVSGHE89PWWETZCJQEMK976,ah1WrV7oIb9K,1
2026-01-25 23:58:30,1769385510335,multi-chat.vercel.app/pipeline/jobs,GET,_rsc=1hc9m,200,mqkjp-1769385510335-b57f8819d9fe,"Mozilla/5.0 (Windows NT 10.0; Win64; x64) AppleWebKit/537.36 (KHTML, like Gecko) Chrome/144.0.0.0 Safari/537.36",,production,main,PRERENDER,static,/pipeline/jobs,multi-chat.vercel.app,multi-chat-mtcsda0u6-james-jamesjordanms-projects.vercel.app,dpl_EywyRntWdrYpmRzGvUi38m2ejPmB,313,sfo1,,,,prj_KtvFJM3U67lx5QwylA1vzxX2PQtJ,,,,,
2026-01-25 23:58:20,1769385500302,multi-chat.vercel.app/dashboard,GET,,200,4htj8-1769385500302-bfcde040dc1b,"Mozilla/5.0 (Windows NT 10.0; Win64; x64) AppleWebKit/537.36 (KHTML, like Gecko) Chrome/144.0.0.0 Safari/537.36",,production,main,PRERENDER,middleware,middleware,multi-chat.vercel.app,multi-chat-mtcsda0u6-james-jamesjordanms-projects.vercel.app,dpl_EywyRntWdrYpmRzGvUi38m2ejPmB,81,sfo1,142,2048,,prj_KtvFJM3U67lx5QwylA1vzxX2PQtJ,,,01KFVSG7MK01AF6B3J8E3W2289,ah1WrV7oIb9K,1
2026-01-25 23:58:20,1769385500302,multi-chat.vercel.app/dashboard,GET,,200,4htj8-1769385500302-bfcde040dc1b,"Mozilla/5.0 (Windows NT 10.0; Win64; x64) AppleWebKit/537.36 (KHTML, like Gecko) Chrome/144.0.0.0 Safari/537.36",,production,main,PRERENDER,static,/dashboard,multi-chat.vercel.app,multi-chat-mtcsda0u6-james-jamesjordanms-projects.vercel.app,dpl_EywyRntWdrYpmRzGvUi38m2ejPmB,197,sfo1,,,,prj_KtvFJM3U67lx5QwylA1vzxX2PQtJ,,,,,
2026-01-25 23:56:27,1769385387048,multi-chat.vercel.app/pipeline/jobs/6fd5ac79-c54b-4927-8138-ca159108bcae/results,GET,_rsc=49g8f,200,5cggc-1769385387043-23349216eef7,"Mozilla/5.0 (Windows NT 10.0; Win64; x64) AppleWebKit/537.36 (KHTML, like Gecko) Chrome/144.0.0.0 Safari/537.36",info,production,main,MISS,middleware,/pipeline/jobs/[jobId]/results,multi-chat.vercel.app,multi-chat.vercel.app,dpl_EywyRntWdrYpmRzGvUi38m2ejPmB,,,,,[jobs] / status=200,prj_KtvFJM3U67lx5QwylA1vzxX2PQtJ,,,,,
2026-01-25 23:56:27,1769385387043,multi-chat.vercel.app/pipeline/jobs/6fd5ac79-c54b-4927-8138-ca159108bcae/results,GET,_rsc=49g8f,200,5cggc-1769385387043-23349216eef7,"Mozilla/5.0 (Windows NT 10.0; Win64; x64) AppleWebKit/537.36 (KHTML, like Gecko) Chrome/144.0.0.0 Safari/537.36",,production,main,MISS,serverless,/pipeline/jobs/[jobId]/results.rsc,multi-chat.vercel.app,multi-chat.vercel.app,dpl_EywyRntWdrYpmRzGvUi38m2ejPmB,82,iad1,269,2048,,prj_KtvFJM3U67lx5QwylA1vzxX2PQtJ,,,01KFVSCS9B0Q7YESK6M7BY45PT,oN2HCRczAjq0,1
2026-01-25 23:56:27,1769385387043,multi-chat.vercel.app/pipeline/jobs/6fd5ac79-c54b-4927-8138-ca159108bcae/results,GET,_rsc=49g8f,200,5cggc-1769385387043-23349216eef7,"Mozilla/5.0 (Windows NT 10.0; Win64; x64) AppleWebKit/537.36 (KHTML, like Gecko) Chrome/144.0.0.0 Safari/537.36",,production,main,MISS,middleware,middleware,multi-chat.vercel.app,multi-chat.vercel.app,dpl_EywyRntWdrYpmRzGvUi38m2ejPmB,71,sfo1,139,2048,,prj_KtvFJM3U67lx5QwylA1vzxX2PQtJ,,,01KFVSCS18F8X3K40XH3X5T9CJ,ah1WrV7oIb9K,1
2026-01-25 23:56:25,1769385385287,multi-chat.vercel.app/api/pipeline/adapters/status,GET,jobId=6fd5ac79-c54b-4927-8138-ca159108bcae,200,6dgt6-1769385385276-5f4006100963,"Mozilla/5.0 (Windows NT 10.0; Win64; x64) AppleWebKit/537.36 (KHTML, like Gecko) Chrome/144.0.0.0 Safari/537.36",info,production,main,MISS,middleware,/api/pipeline/adapters/status,multi-chat.vercel.app,multi-chat.vercel.app,dpl_EywyRntWdrYpmRzGvUi38m2ejPmB,,,,,[pipeline] / status=200,prj_KtvFJM3U67lx5QwylA1vzxX2PQtJ,,,,,
2026-01-25 23:56:26,1769385386231,multi-chat.vercel.app/api/pipeline/adapters/status,GET,jobId=6fd5ac79-c54b-4927-8138-ca159108bcae,200,6dgt6-1769385385276-5f4006100963,"Mozilla/5.0 (Windows NT 10.0; Win64; x64) AppleWebKit/537.36 (KHTML, like Gecko) Chrome/144.0.0.0 Safari/537.36",info,production,main,MISS,serverless,/api/pipeline/adapters/status,multi-chat.vercel.app,multi-chat.vercel.app,dpl_EywyRntWdrYpmRzGvUi38m2ejPmB,,,,,"✅ Rate limiter initialized with config: { requestLimit: 50, windowSeconds: 60, threshold: '90%' }",prj_KtvFJM3U67lx5QwylA1vzxX2PQtJ,,,,,
2026-01-25 23:56:26,1769385386298,multi-chat.vercel.app/api/pipeline/adapters/status,GET,jobId=6fd5ac79-c54b-4927-8138-ca159108bcae,200,6dgt6-1769385385276-5f4006100963,"Mozilla/5.0 (Windows NT 10.0; Win64; x64) AppleWebKit/537.36 (KHTML, like Gecko) Chrome/144.0.0.0 Safari/537.36",info,production,main,MISS,serverless,/api/pipeline/adapters/status,multi-chat.vercel.app,multi-chat.vercel.app,dpl_EywyRntWdrYpmRzGvUi38m2ejPmB,,,,,[INFERENCE-SERVICE] Mode selected: pods,prj_KtvFJM3U67lx5QwylA1vzxX2PQtJ,,,,,
2026-01-25 23:56:25,1769385385276,multi-chat.vercel.app/api/pipeline/adapters/status,GET,jobId=6fd5ac79-c54b-4927-8138-ca159108bcae,200,6dgt6-1769385385276-5f4006100963,"Mozilla/5.0 (Windows NT 10.0; Win64; x64) AppleWebKit/537.36 (KHTML, like Gecko) Chrome/144.0.0.0 Safari/537.36",,production,main,MISS,middleware,middleware,multi-chat.vercel.app,multi-chat.vercel.app,dpl_EywyRntWdrYpmRzGvUi38m2ejPmB,46,sfo1,143,2048,,prj_KtvFJM3U67lx5QwylA1vzxX2PQtJ,,,01KFVSCQA7CB67GDJFATD7R87T,EJmeePFNWTUq,1
2026-01-25 23:56:25,1769385385276,multi-chat.vercel.app/api/pipeline/adapters/status,GET,jobId=6fd5ac79-c54b-4927-8138-ca159108bcae,200,6dgt6-1769385385276-5f4006100963,"Mozilla/5.0 (Windows NT 10.0; Win64; x64) AppleWebKit/537.36 (KHTML, like Gecko) Chrome/144.0.0.0 Safari/537.36",,production,main,MISS,serverless,/api/pipeline/adapters/status,multi-chat.vercel.app,multi-chat.vercel.app,dpl_EywyRntWdrYpmRzGvUi38m2ejPmB,1240,iad1,281,2048,,prj_KtvFJM3U67lx5QwylA1vzxX2PQtJ,,,01KFVSCQJETNEWYN44C756A9XE,9Q5dKqgrxixT,1
2026-01-25 23:56:25,1769385385287,multi-chat.vercel.app/api/pipeline/adapters/test,GET,jobId=6fd5ac79-c54b-4927-8138-ca159108bcae,200,5cggc-1769385385276-780c6b3b738c,"Mozilla/5.0 (Windows NT 10.0; Win64; x64) AppleWebKit/537.36 (KHTML, like Gecko) Chrome/144.0.0.0 Safari/537.36",info,production,main,MISS,middleware,/api/pipeline/adapters/test,multi-chat.vercel.app,multi-chat.vercel.app,dpl_EywyRntWdrYpmRzGvUi38m2ejPmB,,,,,[pipeline] / status=200,prj_KtvFJM3U67lx5QwylA1vzxX2PQtJ,,,,,
2026-01-25 23:56:26,1769385386250,multi-chat.vercel.app/api/pipeline/adapters/test,GET,jobId=6fd5ac79-c54b-4927-8138-ca159108bcae,200,5cggc-1769385385276-780c6b3b738c,"Mozilla/5.0 (Windows NT 10.0; Win64; x64) AppleWebKit/537.36 (KHTML, like Gecko) Chrome/144.0.0.0 Safari/537.36",info,production,main,MISS,serverless,/api/pipeline/adapters/test,multi-chat.vercel.app,multi-chat.vercel.app,dpl_EywyRntWdrYpmRzGvUi38m2ejPmB,,,,,"✅ Rate limiter initialized with config: { requestLimit: 50, windowSeconds: 60, threshold: '90%' }",prj_KtvFJM3U67lx5QwylA1vzxX2PQtJ,,,,,
2026-01-25 23:56:26,1769385386319,multi-chat.vercel.app/api/pipeline/adapters/test,GET,jobId=6fd5ac79-c54b-4927-8138-ca159108bcae,200,5cggc-1769385385276-780c6b3b738c,"Mozilla/5.0 (Windows NT 10.0; Win64; x64) AppleWebKit/537.36 (KHTML, like Gecko) Chrome/144.0.0.0 Safari/537.36",info,production,main,MISS,serverless,/api/pipeline/adapters/test,multi-chat.vercel.app,multi-chat.vercel.app,dpl_EywyRntWdrYpmRzGvUi38m2ejPmB,,,,,[INFERENCE-SERVICE] Mode selected: pods,prj_KtvFJM3U67lx5QwylA1vzxX2PQtJ,,,,,
2026-01-25 23:56:25,1769385385276,multi-chat.vercel.app/api/pipeline/adapters/test,GET,jobId=6fd5ac79-c54b-4927-8138-ca159108bcae,200,5cggc-1769385385276-780c6b3b738c,"Mozilla/5.0 (Windows NT 10.0; Win64; x64) AppleWebKit/537.36 (KHTML, like Gecko) Chrome/144.0.0.0 Safari/537.36",,production,main,MISS,middleware,middleware,multi-chat.vercel.app,multi-chat.vercel.app,dpl_EywyRntWdrYpmRzGvUi38m2ejPmB,142,sfo1,127,2048,,prj_KtvFJM3U67lx5QwylA1vzxX2PQtJ,,,01KFVSCQA7CB67GDJFAWHXZ23V,ah1WrV7oIb9K,1
2026-01-25 23:56:25,1769385385276,multi-chat.vercel.app/api/pipeline/adapters/test,GET,jobId=6fd5ac79-c54b-4927-8138-ca159108bcae,200,5cggc-1769385385276-780c6b3b738c,"Mozilla/5.0 (Windows NT 10.0; Win64; x64) AppleWebKit/537.36 (KHTML, like Gecko) Chrome/144.0.0.0 Safari/537.36",,production,main,MISS,serverless,/api/pipeline/adapters/test,multi-chat.vercel.app,multi-chat.vercel.app,dpl_EywyRntWdrYpmRzGvUi38m2ejPmB,1219,iad1,282,2048,,prj_KtvFJM3U67lx5QwylA1vzxX2PQtJ,,,01KFVSCQJYV9W3J47J987PQSS5,KH9SAbuVYvN6,1
2026-01-25 23:56:25,1769385385280,multi-chat.vercel.app/api/pipeline/jobs/6fd5ac79-c54b-4927-8138-ca159108bcae,GET,nxtPjobId=6fd5ac79-c54b-4927-8138-ca159108bcae,200,mhgcn-1769385385275-b6013f576e71,"Mozilla/5.0 (Windows NT 10.0; Win64; x64) AppleWebKit/537.36 (KHTML, like Gecko) Chrome/144.0.0.0 Safari/537.36",info,production,main,MISS,middleware,/api/pipeline/jobs/[jobId],multi-chat.vercel.app,multi-chat.vercel.app,dpl_EywyRntWdrYpmRzGvUi38m2ejPmB,,,,,[pipeline] / status=200,prj_KtvFJM3U67lx5QwylA1vzxX2PQtJ,,,,,
2026-01-25 23:56:25,1769385385275,multi-chat.vercel.app/api/pipeline/jobs/6fd5ac79-c54b-4927-8138-ca159108bcae,GET,nxtPjobId=6fd5ac79-c54b-4927-8138-ca159108bcae,200,mhgcn-1769385385275-b6013f576e71,"Mozilla/5.0 (Windows NT 10.0; Win64; x64) AppleWebKit/537.36 (KHTML, like Gecko) Chrome/144.0.0.0 Safari/537.36",,production,main,MISS,middleware,middleware,multi-chat.vercel.app,multi-chat.vercel.app,dpl_EywyRntWdrYpmRzGvUi38m2ejPmB,57,sfo1,143,2048,,prj_KtvFJM3U67lx5QwylA1vzxX2PQtJ,,,01KFVSCQA0X0XW9ES1N3B4V5PW,EJmeePFNWTUq,1
2026-01-25 23:56:25,1769385385275,multi-chat.vercel.app/api/pipeline/jobs/6fd5ac79-c54b-4927-8138-ca159108bcae,GET,nxtPjobId=6fd5ac79-c54b-4927-8138-ca159108bcae,200,mhgcn-1769385385275-b6013f576e71,"Mozilla/5.0 (Windows NT 10.0; Win64; x64) AppleWebKit/537.36 (KHTML, like Gecko) Chrome/144.0.0.0 Safari/537.36",,production,main,MISS,serverless,/api/pipeline/jobs/[jobId],multi-chat.vercel.app,multi-chat.vercel.app,dpl_EywyRntWdrYpmRzGvUi38m2ejPmB,975,iad1,282,2048,,prj_KtvFJM3U67lx5QwylA1vzxX2PQtJ,,,01KFVSCQH13XRZEKDP3RZ4A4HV,nw00KlvJDmQm,1
2026-01-25 23:56:24,1769385384255,multi-chat.vercel.app/pipeline/jobs/6fd5ac79-c54b-4927-8138-ca159108bcae/test,GET,nxtPjobId=6fd5ac79-c54b-4927-8138-ca159108bcae,200,mhgcn-1769385384245-a11849f19223,"Mozilla/5.0 (Windows NT 10.0; Win64; x64) AppleWebKit/537.36 (KHTML, like Gecko) Chrome/144.0.0.0 Safari/537.36",info,production,main,MISS,middleware,/pipeline/jobs/[jobId]/test,multi-chat.vercel.app,multi-chat.vercel.app,dpl_EywyRntWdrYpmRzGvUi38m2ejPmB,,,,,[jobs] / status=200,prj_KtvFJM3U67lx5QwylA1vzxX2PQtJ,,,,,
2026-01-25 23:56:24,1769385384245,multi-chat.vercel.app/pipeline/jobs/6fd5ac79-c54b-4927-8138-ca159108bcae/test,GET,nxtPjobId=6fd5ac79-c54b-4927-8138-ca159108bcae,200,mhgcn-1769385384245-a11849f19223,"Mozilla/5.0 (Windows NT 10.0; Win64; x64) AppleWebKit/537.36 (KHTML, like Gecko) Chrome/144.0.0.0 Safari/537.36",,production,main,MISS,middleware,middleware,multi-chat.vercel.app,multi-chat.vercel.app,dpl_EywyRntWdrYpmRzGvUi38m2ejPmB,136,sfo1,130,2048,,prj_KtvFJM3U67lx5QwylA1vzxX2PQtJ,,,01KFVSCP9ZE8NMG621F2TJDMAB,EJmeePFNWTUq,1
2026-01-25 23:56:24,1769385384245,multi-chat.vercel.app/pipeline/jobs/6fd5ac79-c54b-4927-8138-ca159108bcae/test,GET,nxtPjobId=6fd5ac79-c54b-4927-8138-ca159108bcae,200,mhgcn-1769385384245-a11849f19223,"Mozilla/5.0 (Windows NT 10.0; Win64; x64) AppleWebKit/537.36 (KHTML, like Gecko) Chrome/144.0.0.0 Safari/537.36",,production,main,MISS,serverless,/pipeline/jobs/[jobId]/test,multi-chat.vercel.app,multi-chat.vercel.app,dpl_EywyRntWdrYpmRzGvUi38m2ejPmB,517,iad1,269,2048,,prj_KtvFJM3U67lx5QwylA1vzxX2PQtJ,,,01KFVSCPJXV35BASK2MYCJ6N5P,oN2HCRczAjq0,1
2026-01-25 23:56:12,1769385372409,multi-chat-mtcsda0u6-james-jamesjordanms-projects.vercel.app/dashboard,GET,,200,lpf5h-1769385372409-e21ddca622da,vercel-favicon/1.0,,production,main,HIT,middleware,middleware,multi-chat-mtcsda0u6-james-jamesjordanms-projects.vercel.app,multi-chat-mtcsda0u6-james-jamesjordanms-projects.vercel.app,dpl_EywyRntWdrYpmRzGvUi38m2ejPmB,36,sfo1,123,2048,,prj_KtvFJM3U67lx5QwylA1vzxX2PQtJ,,,01KFVSCAR4BQH91DX5E0YE9MXX,EJmeePFNWTUq,1
2026-01-25 23:56:12,1769385372409,multi-chat-mtcsda0u6-james-jamesjordanms-projects.vercel.app/dashboard,GET,,200,lpf5h-1769385372409-e21ddca622da,vercel-favicon/1.0,,production,main,HIT,static,/dashboard,multi-chat-mtcsda0u6-james-jamesjordanms-projects.vercel.app,multi-chat-mtcsda0u6-james-jamesjordanms-projects.vercel.app,dpl_EywyRntWdrYpmRzGvUi38m2ejPmB,60,sfo1,,,,prj_KtvFJM3U67lx5QwylA1vzxX2PQtJ,,,,,
2026-01-25 23:54:47,1769385287556,multi-chat-mtcsda0u6-james-jamesjordanms-projects.vercel.app/signin,GET,_rsc=1hc9m,200,wp8hv-1769385287556-f523528f4bb0,vercel-screenshot/1.0,,production,main,HIT,middleware,middleware,multi-chat-mtcsda0u6-james-jamesjordanms-projects.vercel.app,multi-chat-mtcsda0u6-james-jamesjordanms-projects.vercel.app,dpl_EywyRntWdrYpmRzGvUi38m2ejPmB,11,sfo1,123,2048,,prj_KtvFJM3U67lx5QwylA1vzxX2PQtJ,,,01KFVS9QW8B3TPGNXDHAJH1092,EJmeePFNWTUq,1
2026-01-25 23:54:47,1769385287556,multi-chat-mtcsda0u6-james-jamesjordanms-projects.vercel.app/signin,GET,_rsc=1hc9m,200,wp8hv-1769385287556-f523528f4bb0,vercel-screenshot/1.0,,production,main,HIT,static,/signin,multi-chat-mtcsda0u6-james-jamesjordanms-projects.vercel.app,multi-chat-mtcsda0u6-james-jamesjordanms-projects.vercel.app,dpl_EywyRntWdrYpmRzGvUi38m2ejPmB,273,sfo1,,,,prj_KtvFJM3U67lx5QwylA1vzxX2PQtJ,,,,,
2026-01-25 23:54:47,1769385287468,multi-chat-mtcsda0u6-james-jamesjordanms-projects.vercel.app/signin,GET,_rsc=1hc9m,200,wbc9m-1769385287468-f26c88757405,vercel-screenshot/1.0,,production,main,PRERENDER,middleware,middleware,multi-chat-mtcsda0u6-james-jamesjordanms-projects.vercel.app,multi-chat-mtcsda0u6-james-jamesjordanms-projects.vercel.app,dpl_EywyRntWdrYpmRzGvUi38m2ejPmB,14,sfo1,122,2048,,prj_KtvFJM3U67lx5QwylA1vzxX2PQtJ,,,01KFVS9QSG9X60W7VCTSJ3G02M,EJmeePFNWTUq,1
2026-01-25 23:54:47,1769385287468,multi-chat-mtcsda0u6-james-jamesjordanms-projects.vercel.app/signin,GET,_rsc=1hc9m,200,wbc9m-1769385287468-f26c88757405,vercel-screenshot/1.0,,production,main,PRERENDER,static,/signin,multi-chat-mtcsda0u6-james-jamesjordanms-projects.vercel.app,multi-chat-mtcsda0u6-james-jamesjordanms-projects.vercel.app,dpl_EywyRntWdrYpmRzGvUi38m2ejPmB,219,sfo1,,,,prj_KtvFJM3U67lx5QwylA1vzxX2PQtJ,,,,,
2026-01-25 23:54:47,1769385287149,multi-chat-mtcsda0u6-james-jamesjordanms-projects.vercel.app/dashboard,GET,,200,97664-1769385287149-67cb3e6bb590,vercel-screenshot/1.0,,production,main,HIT,middleware,middleware,multi-chat-mtcsda0u6-james-jamesjordanms-projects.vercel.app,multi-chat-mtcsda0u6-james-jamesjordanms-projects.vercel.app,dpl_EywyRntWdrYpmRzGvUi38m2ejPmB,557,sfo1,122,2048,,prj_KtvFJM3U67lx5QwylA1vzxX2PQtJ,,,01KFVS9QG2QA75RY04J097CXSX,EJmeePFNWTUq,1
2026-01-25 23:54:47,1769385287149,multi-chat-mtcsda0u6-james-jamesjordanms-projects.vercel.app/dashboard,GET,,200,97664-1769385287149-67cb3e6bb590,vercel-screenshot/1.0,,production,main,HIT,static,/dashboard,multi-chat-mtcsda0u6-james-jamesjordanms-projects.vercel.app,multi-chat-mtcsda0u6-james-jamesjordanms-projects.vercel.app,dpl_EywyRntWdrYpmRzGvUi38m2ejPmB,232,sfo1,,,,prj_KtvFJM3U67lx5QwylA1vzxX2PQtJ,,,,,
2026-01-25 23:54:47,1769385287061,multi-chat-mtcsda0u6-james-jamesjordanms-projects.vercel.app/dashboard,GET,,200,k67xb-1769385287061-0094d1567b2c,vercel-screenshot/1.0,,production,main,HIT,middleware,middleware,multi-chat-mtcsda0u6-james-jamesjordanms-projects.vercel.app,multi-chat-mtcsda0u6-james-jamesjordanms-projects.vercel.app,dpl_EywyRntWdrYpmRzGvUi38m2ejPmB,10,sfo1,122,2048,,prj_KtvFJM3U67lx5QwylA1vzxX2PQtJ,,,01KFVS9QFH3ZJEXAPMR4KDJQ76,ah1WrV7oIb9K,1
2026-01-25 23:54:47,1769385287061,multi-chat-mtcsda0u6-james-jamesjordanms-projects.vercel.app/dashboard,GET,,200,k67xb-1769385287061-0094d1567b2c,vercel-screenshot/1.0,,production,main,HIT,static,/dashboard,multi-chat-mtcsda0u6-james-jamesjordanms-projects.vercel.app,multi-chat-mtcsda0u6-james-jamesjordanms-projects.vercel.app,dpl_EywyRntWdrYpmRzGvUi38m2ejPmB,117,sfo1,,,,prj_KtvFJM3U67lx5QwylA1vzxX2PQtJ,,,,,
2026-01-25 23:54:46,1769385286662,multi-chat-mtcsda0u6-james-jamesjordanms-projects.vercel.app/dashboard,GET,,200,4wph7-1769385286662-28ba3a589bcc,vercel-screenshot/1.0,,production,main,PRERENDER,middleware,middleware,multi-chat-mtcsda0u6-james-jamesjordanms-projects.vercel.app,multi-chat-mtcsda0u6-james-jamesjordanms-projects.vercel.app,dpl_EywyRntWdrYpmRzGvUi38m2ejPmB,35,sfo1,121,2048,,prj_KtvFJM3U67lx5QwylA1vzxX2PQtJ,,,01KFVS9Q0HCGYQ37GJE8MXM13N,ah1WrV7oIb9K,1
2026-01-25 23:54:46,1769385286662,multi-chat-mtcsda0u6-james-jamesjordanms-projects.vercel.app/dashboard,GET,,200,4wph7-1769385286662-28ba3a589bcc,vercel-screenshot/1.0,,production,main,PRERENDER,static,/dashboard,multi-chat-mtcsda0u6-james-jamesjordanms-projects.vercel.app,multi-chat-mtcsda0u6-james-jamesjordanms-projects.vercel.app,dpl_EywyRntWdrYpmRzGvUi38m2ejPmB,251,sfo1,,,,prj_KtvFJM3U67lx5QwylA1vzxX2PQtJ,,,,,
2026-01-25 23:54:46,1769385286569,multi-chat-mtcsda0u6-james-jamesjordanms-projects.vercel.app/dashboard,GET,,200,mf84s-1769385286569-a5db2f2c4b05,vercel-screenshot/1.0,,production,main,PRERENDER,middleware,middleware,multi-chat-mtcsda0u6-james-jamesjordanms-projects.vercel.app,multi-chat-mtcsda0u6-james-jamesjordanms-projects.vercel.app,dpl_EywyRntWdrYpmRzGvUi38m2ejPmB,10,sfo1,122,2048,,prj_KtvFJM3U67lx5QwylA1vzxX2PQtJ,,,01KFVS9Q0M0DWB5TDSRQZYCPJT,ah1WrV7oIb9K,1
2026-01-25 23:54:46,1769385286569,multi-chat-mtcsda0u6-james-jamesjordanms-projects.vercel.app/dashboard,GET,,200,mf84s-1769385286569-a5db2f2c4b05,vercel-screenshot/1.0,,production,main,PRERENDER,static,/dashboard,multi-chat-mtcsda0u6-james-jamesjordanms-projects.vercel.app,multi-chat-mtcsda0u6-james-jamesjordanms-projects.vercel.app,dpl_EywyRntWdrYpmRzGvUi38m2ejPmB,340,sfo1,,,,prj_KtvFJM3U67lx5QwylA1vzxX2PQtJ,,,,,